{"cameraMode":{"drawMode":0,"name":"Shaded","section":"Shading Mode"},"sceneLighting":true,"audioPlay":false,"sceneViewState":{"m_AlwaysRefresh":false,"showFog":true,"showSkybox":true,"showFlares":true,"showImageEffects":true,"showParticleSystems":true,"showVisualEffectGraphs":true,"m_FxEnabled":true},"in2DMode":false,"pivot":{"x":-1.1192327737808228,"y":2.5931339263916017,"z":104.80624389648438},"rotation":{"x":-0.0027011616621166469,"y":0.004212282132357359,"z":0.00003184879824402742,"w":-1.0000499486923218},"size":5.516862392425537,"orthographic":false}