{"cameraMode":{"drawMode":0,"name":"Shaded","section":"Shading Mode"},"sceneLighting":false,"audioPlay":false,"sceneViewState":{"m_AlwaysRefresh":false,"showFog":true,"showSkybox":false,"showFlares":true,"showImageEffects":true,"showParticleSystems":true,"showVisualEffectGraphs":true,"m_FxEnabled":true},"in2DMode":false,"pivot":{"x":0.16445112228393556,"y":0.6961876153945923,"z":0.018735051155090333},"rotation":{"x":-0.20740868151187898,"y":0.5681074857711792,"z":-0.15060923993587495,"w":-0.7820919752120972},"size":2.3550360202789308,"orthographic":false}